任务名称,开始日期,持续时间(天)
项目启动,2024-01-01,1
需求分析,2024-01-02,2
技术选型,2024-01-02,2
第一阶段：项目初始化,2024-01-04,2
搭建项目框架,2024-01-04,1
配置TypeScript,2024-01-04,1
配置ESLint和Prettier,2024-01-04,1
安装Ant Design Vue,2024-01-05,1
配置路由和状态管理,2024-01-05,1
第一阶段完成,2024-01-05,1
第二阶段：基础功能开发,2024-01-06,5
用户登录功能,2024-01-06,2
用户注册功能,2024-01-06,2
开发全局导航栏,2024-01-07,2
实现基础布局,2024-01-08,1
配置请求拦截器,2024-01-09,1
第二阶段完成,2024-01-10,1
第三阶段：核心业务开发,2024-01-11,8
图片上传组件,2024-01-11,2
图片上传接口,2024-01-11,2
图片列表页面,2024-01-13,3
图片详情页面,2024-01-14,2
搜索功能,2024-01-15,2
筛选功能,2024-01-16,2
个人中心页面,2024-01-17,2
第三阶段完成,2024-01-18,1
第四阶段：管理功能开发,2024-01-19,5
用户管理后台,2024-01-19,2
图片管理后台,2024-01-20,2
权限控制逻辑,2024-01-21,2
管理界面优化,2024-01-22,1
第四阶段完成,2024-01-23,1
第五阶段：优化和测试,2024-01-24,3
UI/UX优化,2024-01-24,1
性能优化,2024-01-24,1
Bug修复,2024-01-25,1
部署上线,2024-01-26,1
项目完成,2024-01-26,1